SERIAL NO.,,ID,,NAME


1,,0,,govi
2,,007,,govi
3,,0,,govi prasath
4,,007,,govi
5,,0010,,govi prasath
6,,007,,govi prasath
7,,007,,Genius
8,,0,,govi prasath
9,,143,,govi prasath
10,,007,,govi
11,,007,,govi
12,,007,,govi
13,,143,,Genius
14,,143,,Genius
15,,143,,Genius
16,,0010,,govi
17,,0010,,govi
18,,007,,govi
19,,0,,govi prasath
20,,0,,govi prasath
21,,0010,,Genius
22,,5555555555,,hjgftrf
23,,8974586,,karthi
24,,54531654321,,nmbvghdfxf
25,,5895636655,,yuuyyu
26,,78954221,,lhyju
27,,00000000,,govi prasath
28,,0010,,Genius
29,,00000000,,Govi Prasath
